﻿<?xml version="1.0" encoding="utf-8" ?>
<hibernate-mapping xmlns="urn:nhibernate-mapping-2.2">
  <class name="Banking.Library.Entity.User, Banking.Library" table="tbl_Banking_User">
    <id name="ID" column="ID" type="Int32" unsaved-value="0">
      <generator class="native" />
    </id>
    <property name="FirstName" column="FirstName" type="string" not-null="false" />
    <property name="LastName" column="LastName" type="string" not-null="false" />
    <property name="Address" column="Address" type="string" not-null="false" />
    <property name="City" column="City" type="string" not-null="false" />
    <property name="State" column="State" type="string" not-null="false" />
    <property name="Zip" column="Zip" type="string" not-null="false" />
    <property name="Phone" column="Phone" type="string" not-null="false" />
  </class>
</hibernate-mapping>
