﻿<?xml version="1.0" encoding="utf-8" ?>
<hibernate-mapping xmlns="urn:nhibernate-mapping-2.2">
  <class name="Banking.Library.Entity.Account, Banking.Library" table="tbl_Banking_Account">
    <id name="BaseID" column="ID" type="Int32" unsaved-value="0">
      <generator class="native" />
    </id>
    <property name="Description" column="Description" type="string" not-null="false" />
    <property name="Balance" column="Balance" type="decimal" not-null="false" />
    <property name="UserID" column="UserID" type="Int32" not-null="false" />
    <many-to-one name="User" class="Banking.Library.Entity.User, Banking.Library">
      <column name="UserID" sql-type="int" not-null="false" index="ID"/>
    </many-to-one>
    <joined-subclass table="tbl_Banking_CheckingAccount" name="Banking.Library.Entity.CheckingAccount, Banking.Library">
      <key column="ID"/>
      <property name="CheckingInfo" column="CheckingInfo" type="string" not-null="false" />
      <property name="AdditionalInfo" column="AdditionalInfo" type="string" not-null="false" />
    </joined-subclass>
    <joined-subclass table="tbl_Banking_SavingsAccount" name="Banking.Library.Entity.SavingsAccount, Banking.Library">
      <key column="ID"/>
      <property name="SavingsInfo" column="SavingsInfo" type="string" not-null="false" />
    </joined-subclass>
  </class>
</hibernate-mapping>
